{"cameraMode":{"drawMode":0,"name":"Shaded","section":"Shading Mode"},"sceneLighting":true,"audioPlay":false,"sceneViewState":{"showFog":true,"showMaterialUpdate":false,"showSkybox":true,"showFlares":true,"showImageEffects":true,"showParticleSystems":true},"in2DMode":false,"pivot":{"x":2.3765063285827638,"y":5.537301063537598,"z":11.33311653137207},"rotation":{"x":-0.27420854568481448,"y":-0.016734829172492029,"z":0.004772373009473085,"w":-0.9615135788917542},"size":10.0,"orthographic":false}