{"cameraMode":{"drawMode":0,"name":"Shaded","section":"Shading Mode"},"sceneLighting":true,"audioPlay":false,"sceneViewState":{"showFog":true,"showMaterialUpdate":false,"showSkybox":true,"showFlares":true,"showImageEffects":true,"showParticleSystems":true},"in2DMode":false,"pivot":{"x":3.859607219696045,"y":1.4243428707122803,"z":0.8815453052520752},"rotation":{"x":-0.3356039524078369,"y":-0.01780521310865879,"z":0.0063446140848100189,"w":-0.9418141841888428},"size":10.0,"orthographic":false}